curve_id,category,source,size_bin,algorithm,compression_target,original_vertices,simplified_vertices,achieved_compression,max_perp_error,hausdorff,runtime_ms
OVERPASS_MEDIUM_01,Mechanical,overpass_tiles,medium,DP,0.7,14572,4372,0.6999725500960747,0.005287181829675332,0.00791104803423463,5895.5799550167285
OVERPASS_MEDIUM_01,Mechanical,overpass_tiles,medium,VW,0.7,14572,4372,0.6999725500960747,0.0016754457615779817,0.010769936165078636,199.6708980295807
Lake,Organic,California_Counties_68233851330457591.geojson,medium,DP,0.7,5178,1554,0.6998841251448435,4873.0849464439325,13806.42410720366,1822.5708869867958
Lake,Organic,California_Counties_68233851330457591.geojson,medium,VW,0.7,5178,1554,0.6998841251448435,1455.1828616924545,5145.69454324403,55.85679999785498
