curve_id,category,source,size_bin,algorithm,compression_target,original_vertices,simplified_vertices,achieved_compression,max_perp_error,hausdorff,runtime_ms
Lake,Organic,California_Counties_68233851330457591.geojson,medium,DP,0.7,5178,1554,0.6998841251448435,1803.1247951342866,6788.220098160324,1946.589105995372
Lake,Organic,California_Counties_68233851330457591.geojson,medium,VW,0.7,5178,1554,0.6998841251448435,1473.495885162506,4911.749699189436,54.15869998978451
Napa,Organic,California_Counties_68233851330457591.geojson,medium,DP,0.7,15520,4657,0.6999355670103093,4444.833519653427,11776.530450444376,6422.681324009318
Napa,Organic,California_Counties_68233851330457591.geojson,medium,VW,0.7,15520,4657,0.6999355670103093,1398.2037864648953,3589.443413034289,209.36350000556558
