curve_id,category,source,size_bin,algorithm,compression_target,original_vertices,simplified_vertices,achieved_compression,max_perp_error,hausdorff,runtime_ms
OVERPASS_MEDIUM_01,Mechanical,overpass_tiles,medium,DP,0.7,14572,4372,0.6999725500960747,0.001438907835827212,0.003631794191576216,5301.304030988831
OVERPASS_MEDIUM_01,Mechanical,overpass_tiles,medium,VW,0.7,14572,4372,0.6999725500960747,0.002431970487065076,0.011229545462751366,164.46640098001808
OVERPASS_MEDIUM_05,Mechanical,overpass_tiles,medium,DP,0.7,14996,4499,0.6999866631101628,0.002981353096461581,0.008906497403582934,5125.448698003311
OVERPASS_MEDIUM_05,Mechanical,overpass_tiles,medium,VW,0.7,14996,4499,0.6999866631101628,0.002100102254314017,0.007150632152469136,160.37980001419783
