curve_id,category,source,size_bin,algorithm,compression_target,original_vertices,simplified_vertices,achieved_compression,max_perp_error,hausdorff,runtime_ms
OVERPASS_MEDIUM_01,Mechanical,overpass_tiles,medium,DP,0.9,14572,1457,0.9000137249519626,0.002860981125416704,0.006961138484472018,6147.368050995283
OVERPASS_MEDIUM_01,Mechanical,overpass_tiles,medium,VW,0.9,14572,1458,0.8999451001921493,0.0017849630136278387,0.007309302839527405,311.98609701823443
Lake,Organic,California_Counties_68233851330457591.geojson,medium,DP,0.9,5178,518,0.8999613750482812,69.29273153812765,6743.611795934361,1675.5255859461613
Lake,Organic,California_Counties_68233851330457591.geojson,medium,VW,0.9,5178,518,0.8999613750482812,207.57859481007318,6743.611795934361,64.72679902799428
